R0,k,k_label,generation_g,p_survive,p_survive_ultimate,frac_of_ultimate
1.2,0.05,0.05,1,0.1486600774792154,0.016769357710910704,8.864983384694106
1.2,0.05,0.05,2,0.07313934470502192,0.016769357710910704,4.361487539706725
1.2,0.05,0.05,3,0.04941445384394605,0.016769357710910704,2.9467111797487244
1.2,0.05,0.05,4,0.03834782173327367,0.016769357710910704,2.2867793981354034
1.2,0.05,0.05,5,0.03209884907424254,0.016769357710910704,1.91413706044078
1.2,0.05,0.05,6,0.028155527819687443,0.016769357710910704,1.6789866556050932
1.2,0.05,0.05,7,0.025482228977047328,0.016769357710910704,1.5195709589084463
1.2,0.05,0.05,8,0.023578139078225924,0.016769357710910704,1.406025173098025
1.2,0.05,0.05,9,0.022172739152737098,0.016769357710910704,1.3222175550773048
1.2,0.05,0.05,10,0.021107511209339958,0.016769357710910704,1.258695268668919
1.2,0.05,0.05,11,0.020283581429329955,0.016769357710910704,1.2095622133537518
1.2,0.05,0.05,12,0.0196361573503111,0.016769357710910704,1.170954647686665
1.2,0.1,0.1,1,0.2262410869388981,0.031846346315302476,7.104145784855297
1.2,0.1,0.1,2,0.12298833767720818,0.031846346315302476,3.8619292919675092
1.2,0.1,0.1,3,0.086670698913494,0.031846346315302476,2.7215272375483743
1.2,0.1,0.1,4,0.06881503937539535,0.031846346315302476,2.160845664807993
1.2,0.1,0.1,5,0.05842451154604078,0.031846346315302476,1.8345750236964307
1.2,0.1,0.1,6,0.05174058106329482,0.031846346315302476,1.6246944170933975
1.2,0.1,0.1,7,0.04714958640438516,0.031846346315302476,1.4805336203270931
1.2,0.1,0.1,8,0.04384894450880206,0.031846346315302476,1.376890902167079
1.2,0.1,0.1,9,0.041396047137526315,0.031846346315302476,1.299868020264388
1.2,0.1,0.1,10,0.03952735822670406,0.031846346315302476,1.2411897376029846
1.2,0.1,0.1,11,0.03807640018043723,0.031846346315302476,1.195628528417439
1.2,0.1,0.1,12,0.03693294894403576,0.031846346315302476,1.1597232718118475
1.2,0.2,0.2,1,0.32238908659951904,0.05785026571367635,5.572819461109289
1.2,0.2,0.2,2,0.19369737171977375,0.05785026571367635,3.3482537950380036
1.2,0.2,0.2,3,0.14291980274333815,0.05785026571367635,2.470512468355881
1.2,0.2,0.2,4,0.11648616276882229,0.05785026571367635,2.013580427536115
1.2,0.2,0.2,5,0.1005737285446916,0.05785026571367635,1.738518005128454
1.2,0.2,0.2,6,0.09010908477252311,0.05785026571367635,1.5576261173718424
1.2,0.2,0.2,7,0.08281076635171103,0.05785026571367635,1.431467346434915
1.2,0.2,0.2,8,0.07750611379043548,0.05785026571367635,1.339771094121566
1.2,0.2,0.2,9,0.07353226300087212,0.05785026571367635,1.271079088293425
1.2,0.2,0.2,10,0.0704868539464184,0.05785026571367635,1.2184361312234153
1.2,0.2,0.2,11,0.06811175249296608,0.05785026571367635,1.1773801149000396
1.2,0.2,0.2,12,0.066233873944895,0.05785026571367635,1.14491909635666
1.2,0.5,0.5,1,0.4576738554533596,0.11338247516251188,4.036548459516099
1.2,0.5,0.5,2,0.30967424615646466,0.11338247516251188,2.7312355433465925
1.2,0.5,0.5,3,0.24260204984061007,0.11338247516251188,2.1396785481432374
1.2,0.5,0.5,4,0.20500729216485536,0.11338247516251188,1.808103870294038
1.2,0.5,0.5,5,0.18132214821141057,0.11338247516251188,1.5992078842124438
1.2,0.5,0.5,6,0.16526648932730392,0.11338247516251188,1.4576017068813
1.2,0.5,0.5,7,0.15382960204214924,0.11338247516251188,1.3567317332036033
1.2,0.5,0.5,8,0.14538999074670256,0.11338247516251188,1.282296850005383
1.2,0.5,0.5,9,0.13899766151137638,0.11338247516251188,1.225918390934314
1.2,0.5,0.5,10,0.13405936363713788,0.11338247516251188,1.1823640597454737
1.2,0.5,0.5,11,0.13018563233017522,0.11338247516251188,1.148198891791516
1.2,0.5,0.5,12,0.12711032186564752,0.11338247516251188,1.1210755602526707
1.2,1,1,1,0.5454545454545454,0.1666666666666663,3.2727272727272796
1.2,1,1,2,0.39560439560439553,0.1666666666666663,2.3736263736263785
1.2,1,1,3,0.3219076005961251,0.1666666666666663,1.9314456035767549
1.2,1,1,4,0.27864975274134585,0.1666666666666663,1.6718985164480789
1.2,1,1,5,0.2505881215558634,0.1666666666666663,1.5035287293351838
1.2,1,1,6,0.23118660528910706,0.1666666666666663,1.3871196317346455
1.2,1,1,7,0.21717451867390847,0.1666666666666663,1.3030471120434537
1.2,1,1,8,0.20673288472708284,0.1666666666666663,1.2403973083624997
1.2,1,1,9,0.19876896406904931,0.1666666666666663,1.1926137844142986
1.2,1,1,10,0.19258649512680603,0.1666666666666663,1.1555189707608389
1.2,1,1,11,0.18772080408648495,0.1666666666666663,1.1263248245189121
1.2,1,1,12,0.18385000090284276,0.1666666666666663,1.103100005417059
1.2,2,2,1,0.609375,0.2177706438196787,2.798242174939716
1.2,2,2,2,0.4637873162659908,0.2177706438196787,2.1297054007427283
1.2,2,2,3,0.38799751838017216,0.2177706438196787,1.7816796220772848
1.2,2,2,4,0.3420152962137474,0.2177706438196787,1.570529848352505
1.2,2,2,5,0.31154566386279015,0.2177706438196787,1.430613687861254
1.2,2,2,6,0.29017434787552987,0.2177706438196787,1.3324768792794857
1.2,2,2,7,0.27458519574894025,0.2177706438196787,1.2608916928964304
1.2,2,2,8,0.2628875808081549,0.2177706438196787,1.2071763952988745
1.2,2,2,9,0.253923237468066,0.2177706438196787,1.1660122457934359
1.2,2,2,10,0.2469423650273016,0.2177706438196787,1.1339561691876985
1.2,2,2,11,0.24143801381821817,0.2177706438196787,1.1086802591176468
1.2,2,2,12,0.23705522072496732,0.2177706438196787,1.0885545295134311
1.2,5,5,1,0.6588922598508073,0.26676003184625374,2.469981186051731
1.2,5,5,2,0.5200393034754359,0.26676003184625374,1.9494648425261805
1.2,5,5,3,0.44460079824675347,0.26676003184625374,1.66666946007488
1.2,5,5,4,0.39765927697715064,0.26676003184625374,1.490700365511803
1.2,5,5,5,0.3660419222574164,0.26676003184625374,1.3721767827212714
1.2,5,5,6,0.34362081974874026,0.26676003184625374,1.2881270757486825
1.2,5,5,7,0.32714316616502526,0.26676003184625374,1.226357501537461
1.2,5,5,8,0.3147163968323071,0.26676003184625374,1.1797734265292519
1.2,5,5,9,0.3051621801405203,0.26676003184625374,1.1439576537327734
1.2,5,5,10,0.2977076695515438,0.26676003184625374,1.1160130229821184
1.2,5,5,11,0.2918246971305284,0.26676003184625374,1.093959597735843
1.2,5,5,12,0.2871401699251027,0.26676003184625374,1.076398769102693
1.2,Poisson,Poisson,1,0.6988057880877978,0.31369833104121736,2.227636295572068
1.2,Poisson,Poisson,2,0.567670368449454,0.31369833104121736,1.8096059566694565
1.2,Poisson,Poisson,3,0.4939928311662224,0.31369833104121736,1.5747384741467298
1.2,Poisson,Poisson,4,0.4472179053833857,0.31369833104121736,1.4256304899646564
1.2,Poisson,Poisson,5,0.41530298351742734,0.31369833104121736,1.3238928691108018
1.2,Poisson,Poisson,6,0.39247598897099123,0.31369833104121736,1.2511255245391253
1.2,Poisson,Poisson,7,0.3756044309916292,0.31369833104121736,1.1973427775179266
1.2,Poisson,Poisson,8,0.36283416335462937,0.31369833104121736,1.1566340252762006
1.2,Poisson,Poisson,9,0.35299483144852983,0.31369833104121736,1.12526843951283
1.2,Poisson,Poisson,10,0.3453102356327855,0.31369833104121736,1.100771669669529
1.2,Poisson,Poisson,11,0.339245082192304,0.31369833104121736,1.081437319307032
1.2,Poisson,Poisson,12,0.33441844295846446,0.31369833104121736,1.0660510747649614
1.5,0.05,0.05,1,0.15776765634704681,0.03585543601216523,4.400104249004768
1.5,0.05,0.05,2,0.08360905237067384,0.03585543601216523,2.331837558531055
1.5,0.05,0.05,3,0.06082755986306332,0.03585543601216523,1.6964668855909437
1.5,0.05,0.05,4,0.05059741735466605,0.03585543601216523,1.411150525055645
1.5,0.05,0.05,5,0.04512201231261981,0.03585543601216523,1.2584427169512193
1.5,0.05,0.05,6,0.04189565375315285,0.03585543601216523,1.1684603065191639
1.5,0.05,0.05,7,0.039881856836497365,0.03585543601216523,1.112295966027746
1.5,0.05,0.05,8,0.038578394582991504,0.03585543601216523,1.0759426986162548
1.5,0.05,0.05,9,0.037714479425936864,0.03585543601216523,1.05184830030071
1.5,0.05,0.05,10,0.037132780289398704,0.03585543601216523,1.035624842961053
1.5,0.05,0.05,11,0.03673690595258594,0.03585543601216523,1.0245839972527915
1.5,0.05,0.05,12,0.03646552715783813,0.03585543601216523,1.0170153040522476
1.5,0.1,0.1,1,0.2421417167448009,0.06765766138943907,3.5789253097447093
1.5,0.1,0.1,2,0.1421290415015436,0.06765766138943907,2.1007087531956734
1.5,0.1,0.1,3,0.1078893636551862,0.06765766138943907,1.5946363122747107
1.5,0.1,0.1,4,0.09176676832776087,0.06765766138943907,1.3563396434817518
1.5,0.1,0.1,5,0.08292217929677936,0.06765766138943907,1.2256140338560828
1.5,0.1,0.1,6,0.07763895448523306,0.06765766138943907,1.1475264277661243
1.5,0.1,0.1,7,0.07431644331050424,0.06765766138943907,1.0984187420067193
1.5,0.1,0.1,8,0.07215770539197919,0.06765766138943907,1.066511964944188
1.5,0.1,0.1,9,0.0707248957799207,0.06765766138943907,1.0453346203148606
1.5,0.1,0.1,10,0.06976030467408889,0.06765766138943907,1.0310776819870695
1.5,0.1,0.1,11,0.06910467277928567,0.06765766138943907,1.0213872510537656
1.5,0.1,0.1,12,0.06865612269377686,0.06765766138943907,1.014757549756126
1.5,0.2,0.2,1,0.3481972103686233,0.12153429280056116,2.8650120253714557
1.5,0.2,0.2,2,0.22649526004260667,0.12153429280056116,1.8636325174022066
1.5,0.2,0.2,3,0.18008541273635903,0.12153429280056116,1.4817662454487703
1.5,0.2,0.2,4,0.15712581340965404,0.12153429280056116,1.2928516700014774
1.5,0.2,0.2,5,0.14420304700756714,0.12153429280056116,1.1865214638983057
1.5,0.2,0.2,6,0.13637786820015696,0.12153429280056116,1.1221348728622154
1.5,0.2,0.2,7,0.131423748892307,0.12153429280056116,1.0813717335565076
1.5,0.2,0.2,8,0.1281972591281244,0.12153429280056116,1.054823755287713
1.5,0.2,0.2,9,0.12605671900623083,0.12153429280056116,1.0372111122009902
1.5,0.2,0.2,10,0.1246190647527361,0.12153429280056116,1.0253819056423612
1.5,0.2,0.2,11,0.12364547514819646,0.12153429280056116,1.017371083494103
1.5,0.2,0.2,12,0.12298244802616554,0.12153429280056116,1.0119156099256759
1.5,0.5,0.5,1,0.5,0.2324081207560016,2.151387818865999
1.5,0.5,0.5,2,0.3675444679663241,0.2324081207560016,1.5814613825486683
1.5,0.5,0.5,3,0.31036670590035464,0.2324081207560016,1.335438300911178
1.5,0.5,0.5,4,0.280389312379442,0.2324081207560016,1.20645230238669
1.5,0.5,0.5,5,0.2630240792805695,0.2324081207560016,1.131733600465324
1.5,0.5,0.5,6,0.25237113303827263,0.2324081207560016,1.0858963629039005
1.5,0.5,0.5,7,0.24560273587391945,0.2324081207560016,1.0567734684786272
1.5,0.5,0.5,8,0.24120568469705306,0.2324081207560016,1.0378539437969458
1.5,0.5,0.5,9,0.23830762380334114,0.2324081207560016,1.0253842379868183
1.5,0.5,0.5,10,0.236379280351793,0.2324081207560016,1.017087008762317
1.5,0.5,0.5,11,0.23508803363634434,0.2324081207560016,1.011531063852783
1.5,0.5,0.5,12,0.23421972551182857,0.2324081207560016,1.0077949288085717
1.5,1,1,1,0.6000000000000001,0.33333333333333326,1.8000000000000007
1.5,1,1,2,0.4736842105263158,0.33333333333333326,1.4210526315789478
1.5,1,1,3,0.41538461538461535,0.33333333333333326,1.2461538461538464
1.5,1,1,4,0.3838862559241706,0.33333333333333326,1.151658767772512
1.5,1,1,5,0.3654135338345864,0.33333333333333326,1.0962406015037596
1.5,1,1,6,0.35405536668285575,0.33333333333333326,1.0621661000485676
1.5,1,1,7,0.34686756542426644,0.33333333333333326,1.0406026962727997
1.5,1,1,8,0.34223566845756603,0.33333333333333326,1.0267070053726983
1.5,1,1,9,0.33921585523481257,0.33333333333333326,1.017647565704438
1.5,1,1,10,0.33723208013752215,0.33333333333333326,1.0116962404125667
1.5,1,1,11,0.33592240373948734,0.33333333333333326,1.0077672112184624
1.5,1,1,12,0.33505492295403083,0.33333333333333326,1.0051647688620928
1.5,2,2,1,0.673469387755102,0.4249724058784581,1.5847367462905673
1.5,2,2,2,0.5585636311404769,0.4249724058784581,1.314352704820618
1.5,2,2,3,0.5033133210543159,0.4249724058784581,1.1843435340558637
1.5,2,2,4,0.4729810284885517,0.4249724058784581,1.1129687997291384
1.5,2,2,5,0.45513262647783537,0.4249724058784581,1.0709698328225177
1.5,2,2,6,0.44420310517101125,0.4249724058784581,1.045251642286754
1.5,2,2,7,0.43734724638651423,0.4249724058784581,1.02911916241356
1.5,2,2,8,0.4329817660286034,0.4249724058784581,1.018846776965646
1.5,2,2,9,0.43017551039812174,0.4249724058784581,1.0122433938008477
1.5,2,2,10,0.42836055439906684,0.4249724058784581,1.0079726318079527
1.5,2,2,11,0.4271821034977432,0.4249724058784581,1.0051996261138825
1.5,2,2,12,0.42641498305093506,0.4249724058784581,1.0033945196265037
1.5,5,5,1,0.7306709256570956,0.5079412372210217,1.438494991378613
1.5,5,5,2,0.6287871902527433,0.5079412372210217,1.2379132548734917
1.5,5,5,3,0.578541016413973,0.5079412372210217,1.138992021162147
1.5,5,5,4,0.5507694913707855,0.5079412372210217,1.0843173402972357
1.5,5,5,5,0.5344780819271923,0.5079412372210217,1.0522439265836248
1.5,5,5,6,0.5245911388466292,0.5079412372210217,1.0327791886256374
1.5,5,5,7,0.5184680357194223,0.5079412372210217,1.0207244415830332
1.5,5,5,8,0.5146284568960446,0.5079412372210217,1.013165341155621
1.5,5,5,9,0.5122020487900628,0.5079412372210217,1.0083883946740617
1.5,5,5,10,0.5106611821091209,0.5079412372210217,1.0053548416406988
1.5,5,5,11,0.5096796372518116,0.5079412372210217,1.0034224431950058
1.5,5,5,12,0.509053153109974,0.5079412372210217,1.0021890640244837
1.5,Poisson,Poisson,1,0.7768698398515702,0.5828116438658113,1.3329689755313805
1.5,Poisson,Poisson,2,0.6881723849643999,0.5828116438658113,1.1807800894294542
1.5,Poisson,Poisson,3,0.6437984574084523,0.5828116438658113,1.104642407516283
1.5,Poisson,Poisson,4,0.6192825142450279,0.5828116438658113,1.062577456650152
1.5,Poisson,Poisson,5,0.6050214310467775,0.5828116438658113,1.038108001812812
1.5,Poisson,Poisson,6,0.5964811784237962,0.5828116438658113,1.0234544637223004
1.5,Poisson,Poisson,7,0.5912786976836207,0.5828116438658113,1.0145279421008941
1.5,Poisson,Poisson,8,0.5880766730245481,0.5828116438658113,1.0090338434623813
1.5,Poisson,Poisson,9,0.5860934310690225,0.5828116438658113,1.0056309568241344
1.5,Poisson,Poisson,10,0.5848602824446254,0.5828116438658113,1.0035150954864687
1.5,Poisson,Poisson,11,0.5840916783540102,0.5828116438658113,1.0021963090505681
1.5,Poisson,Poisson,12,0.5836118985806242,0.5828116438658113,1.001373093216712
2.0,0.05,0.05,1,0.16945951496729272,0.058537993182377734,2.8948637586419137
2.0,0.05,0.05,2,0.09748268951187944,0.058537993182377734,1.665289228624011
2.0,0.05,0.05,3,0.07638013568974833,0.058537993182377734,1.3047959374313123
2.0,0.05,0.05,4,0.0676062428722326,0.058537993182377734,1.1549122065323
2.0,0.05,0.05,5,0.06337663563546958,0.058537993182377734,1.0826581539619378
2.0,0.05,0.05,6,0.061184768173593085,0.058537993182377734,1.0452146520118857
2.0,0.05,0.05,7,0.06000514928254841,0.058537993182377734,1.0250633139335625
2.0,0.05,0.05,8,0.05935719326799871,0.058537993182377734,1.0139943315629
2.0,0.05,0.05,9,0.0589972462237901,0.058537993182377734,1.007845384107746
2.0,0.05,0.05,10,0.058796035083541476,0.058537993182377734,1.0044081097956297
2.0,0.05,0.05,11,0.058683162763714325,0.058537993182377734,1.002479920705247
2.0,0.05,0.05,12,0.058619720728555036,0.058537993182377734,1.0013961453362892
2.0,0.1,0.1,1,0.26247275108720325,0.10956029368474307,2.3956922919763417
2.0,0.1,0.1,2,0.16743953267563128,0.10956029368474307,1.528286636009157
2.0,0.1,0.1,3,0.1366971993082532,0.10956029368474307,1.247689237686747
2.0,0.1,0.1,4,0.12343682817329582,0.10956029368474307,1.1266566017838737
2.0,0.1,0.1,5,0.11695493416161784,0.10956029368474307,1.067493799333476
2.0,0.1,0.1,6,0.11358504500817923,0.10956029368474307,1.0367354922853464
2.0,0.1,0.1,7,0.11177571995643709,0.10956029368474307,1.0202210691226226
2.0,0.1,0.1,8,0.11078728052021458,0.10956029368474307,1.0111991926473118
2.0,0.1,0.1,9,0.11024214356421436,0.10956029368474307,1.0062235127028163
2.0,0.1,0.1,10,0.10993991411551995,0.10956029368474307,1.0034649453557438
2.0,0.1,0.1,11,0.10977186732085631,0.10956029368474307,1.0019311160001272
2.0,0.1,0.1,12,0.10967827811318487,0.10956029368474307,1.0010768903995575
2.0,0.2,0.2,1,0.3809560793161545,0.19401852018873167,1.9635036848316294
2.0,0.2,0.2,2,0.2695694715999427,0.19401852018873167,1.3894007197751987
2.0,0.2,0.2,3,0.23005308677639902,0.19401852018873167,1.185727458144793
2.0,0.2,0.2,4,0.2124407436155754,0.19401852018873167,1.0949508500988643
2.0,0.2,0.2,5,0.2037554597559228,0.19401852018873167,1.0501856191755277
2.0,0.2,0.2,6,0.1992532559303024,0.19401852018873167,1.0269805982257707
2.0,0.2,0.2,7,0.19685821197413234,0.19401852018873167,1.0146361892804787
2.0,0.2,0.2,8,0.1955664288952339,0.19401852018873167,1.0079781492251179
2.0,0.2,0.2,9,0.19486449412818152,0.19401852018873167,1.004360274156441
2.0,0.2,0.2,10,0.19448152823264853,0.19401852018873167,1.0023864115831131
2.0,0.2,0.2,11,0.1942721257900164,0.19401852018873167,1.001307120583324
2.0,0.2,0.2,12,0.1941574881018493,0.19401852018873167,1.0007162610712752
2.0,0.5,0.5,1,0.552786404500042,0.3596117967977923,1.5371753914148447
2.0,0.5,0.5,2,0.4419539995449788,0.3596117967977923,1.228975254650745
2.0,0.5,0.5,3,0.39892122537567,0.3596117967977923,1.1093107315386017
2.0,0.5,0.5,4,0.3793110489463526,0.3596117967977923,1.0547792155985278
2.0,0.5,0.5,5,0.3697144857375787,0.3596117967977923,1.0280933190450008
2.0,0.5,0.5,6,0.36485310340227195,0.3596117967977923,1.0145749017444685
2.0,0.5,0.5,7,0.3623471286997897,0.3596117967977923,1.0076063464167595
2.0,0.5,0.5,8,0.3610436928147678,0.3596117967977923,1.0039817826604298
2.0,0.5,0.5,9,0.3603625672878371,0.3596117967977923,1.0020877248653413
2.0,0.5,0.5,10,0.36000576960018515,0.3596117967977923,1.001095550273659
2.0,0.5,0.5,11,0.3598186278616099,0.3596117967977923,1.0005751509423755
2.0,0.5,0.5,12,0.35972040565300567,0.3596117967977923,1.000302016942104
2.0,1,1,1,0.6666666666666667,0.4999999999999998,1.3333333333333341
2.0,1,1,2,0.5714285714285714,0.4999999999999998,1.1428571428571432
2.0,1,1,3,0.5333333333333333,0.4999999999999998,1.066666666666667
2.0,1,1,4,0.5161290322580645,0.4999999999999998,1.0322580645161294
2.0,1,1,5,0.5079365079365079,0.4999999999999998,1.0158730158730163
2.0,1,1,6,0.5039370078740157,0.4999999999999998,1.007874015748032
2.0,1,1,7,0.5019607843137255,0.4999999999999998,1.0039215686274514
2.0,1,1,8,0.5009784735812133,0.4999999999999998,1.001956947162427
2.0,1,1,9,0.5004887585532747,0.4999999999999998,1.0009775171065498
2.0,1,1,10,0.5002442598925256,0.4999999999999998,1.0004885197850517
2.0,1,1,11,0.5001221001221001,0.4999999999999998,1.0002442002442007
2.0,1,1,12,0.5000610426077402,0.4999999999999998,1.0001220852154808
2.0,2,2,1,0.75,0.6180339887498948,1.2135254915624212
2.0,2,2,2,0.673469387755102,0.6180339887498948,1.0896963597703373
2.0,2,2,3,0.6429208804283164,0.6180339887498948,1.040267836610023
2.0,2,2,4,0.6295183505741315,0.6180339887498948,1.0185820877707168
2.0,2,2,5,0.6233989826724051,0.6180339887498948,1.0086807425160584
2.0,2,2,6,0.6205544525265847,0.6180339887498948,1.0040781960580971
2.0,2,2,7,0.6192212155302725,0.6180339887498948,1.0019209732830052
2.0,2,2,8,0.6185939048695729,0.6180339887498948,1.0009059633124882
2.0,2,2,9,0.6182982081253103,0.6180339887498948,1.0004275159299085
2.0,2,2,10,0.6181587056674402,0.6180339887498948,1.0002017962115606
2.0,2,2,11,0.6180928652835349,0.6180339887498948,1.0000952642325696
2.0,2,2,12,0.6180617849611626,0.6180339887498948,1.0000449752145897
2.0,5,5,1,0.8140655679181293,0.7162322562441895,1.1365943949340713
2.0,5,5,2,0.7557162599691365,0.7162322562441895,1.0551273743687486
2.0,5,5,3,0.7330270251844078,0.7162322562441895,1.0234487748824486
2.0,5,5,4,0.7235265902744927,0.7162322562441895,1.0101843137707223
2.0,5,5,5,0.719428367900296,0.7162322562441895,1.0044623955822185
2.0,5,5,6,0.7176380250753029,0.7162322562441895,1.0019627276192293
2.0,5,5,7,0.7168515978756758,0.7162322562441895,1.0008647217799629
2.0,5,5,8,0.7165053206224412,0.7162322562441895,1.000381251159622
2.0,5,5,9,0.7163526877365345,0.7162322562441895,1.0001681458651088
2.0,5,5,10,0.7162853785492387,0.7162322562441895,1.0000741691044854
2.0,5,5,11,0.7162556899525261,0.7162322562441895,1.000032718029846
2.0,5,5,12,0.716242593783061,0.7162322562441895,1.0000144332216
2.0,Poisson,Poisson,1,0.8646647167633873,0.7968121300200199,1.085155062513497
2.0,Poisson,Poisson,2,0.8225966691808597,0.7968121300200199,1.0323596217846132
2.0,Poisson,Poisson,3,0.8070247503317746,0.7968121300200199,1.0128168484476987
2.0,Poisson,Poisson,4,0.8009201942366403,0.7968121300200199,1.005155624596876
2.0,Poisson,Poisson,5,0.7984747083247583,0.7968121300200199,1.0020865373933208
2.0,Poisson,Poisson,6,0.7974866394625985,0.7968121300200199,1.0008465100080262
2.0,Poisson,Poisson,7,0.797086049491047,0.7968121300200199,1.0003437692031873
2.0,Poisson,Poisson,8,0.796923413762181,0.7968121300200199,1.0001396612049045
2.0,Poisson,Poisson,9,0.7968573480008734,0.7968121300200199,1.000056748610055
2.0,Poisson,Poisson,10,0.7968305046795713,0.7968121300200199,1.0000230602156508
2.0,Poisson,Poisson,11,0.7968195968986895,0.7968121300200199,1.00000937094001
2.0,Poisson,Poisson,12,0.7968151643557075,0.7968121300200199,1.0000038080942462
2.5,0.05,0.05,1,0.1784736623957589,0.07490204366866182,2.382760918851007
2.5,0.05,0.05,2,0.10840760465653432,0.07490204366866182,1.4473250574588907
2.5,0.05,0.05,3,0.08878268727525795,0.07490204366866182,1.185317288110306
2.5,0.05,0.05,4,0.08119465994433572,0.07490204366866182,1.0840112761610357
2.5,0.05,0.05,5,0.07786688152989829,0.07490204366866182,1.0395828700529426
2.5,0.05,0.05,6,0.07632388760366227,0.07490204366866182,1.0189827121578972
2.5,0.05,0.05,7,0.075589649291391,0.07490204366866182,1.0091800649094553
2.5,0.05,0.05,8,0.07523591152246167,0.07490204366866182,1.0044573931156906
2.5,0.05,0.05,9,0.07506446977191406,0.07490204366866182,1.0021685136385696
2.5,0.05,0.05,10,0.0749811384872403,0.07490204366866182,1.0010559767758591
2.5,0.05,0.05,11,0.07494057732630743,0.07490204366866182,1.0005144540223236
2.5,0.05,0.05,12,0.07492082082547902,0.07490204366866182,1.000250689512562
2.5,0.1,0.1,1,0.27805740661833167,0.1393146077591252,1.9958955567609438
2.5,0.1,0.1,2,0.1872528639918133,0.1393146077591252,1.3441007156663234
2.5,0.1,0.1,3,0.1594664314704145,0.1393146077591252,1.1446497537869955
2.5,0.1,0.1,4,0.14843261949800224,0.1393146077591252,1.0654490716051979
2.5,0.1,0.1,5,0.14357292105698372,0.1393146077591252,1.0305661650730924
2.5,0.1,0.1,6,0.1413322789019119,0.1393146077591252,1.0144828397771128
2.5,0.1,0.1,7,0.14027711544088384,0.1393146077591252,1.0069088783813887
2.5,0.1,0.1,8,0.13977523937301017,0.1393146077591252,1.003306412883001
2.5,0.1,0.1,9,0.13953539276289073,0.1393146077591252,1.0015847943537068
2.5,0.1,0.1,10,0.13942050981303855,0.1393146077591252,1.000760164749532
2.5,0.1,0.1,11,0.13936542278015918,0.1393146077591252,1.000364750128155
2.5,0.1,0.1,12,0.13933899446776288,0.1393146077591252,1.0001750477500526
2.5,0.2,0.2,1,0.4057991806779989,0.244041774054099,1.6628267117417432
2.5,0.2,0.2,2,0.30284934170122346,0.244041774054099,1.2409733656258706
2.5,0.2,0.2,3,0.2688400129774935,0.244041774054099,1.1016147297712122
2.5,0.2,0.2,4,0.25510898014550765,0.244041774054099,1.0453496379228717
2.5,0.2,0.2,5,0.2491022825423721,0.244041774054099,1.0207362387357146
2.5,0.2,0.2,6,0.24638103592412508,0.244041774054099,1.0095854977251046
2.5,0.2,0.2,7,0.2451285258974163,0.244041774054099,1.0044531385969862
2.5,0.2,0.2,8,0.24454781369413203,0.244041774054099,1.0020735779437535
2.5,0.2,0.2,9,0.2442776614171347,0.244041774054099,1.0009665860033594
2.5,0.2,0.2,10,0.2441517865047571,0.244041774054099,1.0004507935212508
2.5,0.2,0.2,11,0.24409309328957485,0.244041774054099,1.0002102887330448
2.5,0.2,0.2,12,0.24406571634505703,0.244041774054099,1.0000981073467887
2.5,0.5,0.5,1,0.591751709536137,0.441742430504416,1.339585397899017
2.5,0.5,0.5,2,0.4974023044935886,0.441742430504416,1.1260007419382734
2.5,0.5,0.5,3,0.4644829424218251,0.441742430504416,1.0514791207433758
2.5,0.5,0.5,4,0.4513781764017847,0.441742430504416,1.0218130413380617
2.5,0.5,0.5,5,0.4458869277702152,0.441742430504416,1.0093821579717093
2.5,0.5,0.5,6,0.44353641365594676,0.441742430504416,1.004061151991857
2.5,0.5,0.5,7,0.4425210994340566,0.441742430504416,1.0017627216130256
2.5,0.5,0.5,8,0.442080808190783,0.441742430504416,1.0007660067564272
2.5,0.5,0.5,9,0.4418895512381459,0.441742430504416,1.0003330464170306
2.5,0.5,0.5,10,0.44180641033531187,0.441742430504416,1.000144835149349
2.5,0.5,0.5,11,0.441770256741813,0.441742430504416,1.0000629919959585
2.5,0.5,0.5,12,0.441754533259166,0.441742430504416,1.0000273977637517
2.5,1,1,1,0.7142857142857143,0.6,1.1904761904761905
2.5,1,1,2,0.6410256410256411,0.6,1.0683760683760686
2.5,1,1,3,0.6157635467980296,0.6,1.0262725779967161
2.5,1,1,4,0.6062075654704171,0.6,1.0103459424506953
2.5,1,1,5,0.6024677077308657,0.6,1.0041128462181095
2.5,1,1,6,0.6009846532558945,0.6,1.0016410887598242
2.5,1,1,7,0.6003934738670336,0.6,1.0006557897783894
2.5,1,1,8,0.6001573276424975,0.6,1.0002622127374958
2.5,1,1,9,0.6000629211577616,0.6,1.0001048685962695
2.5,1,1,10,0.6000251668795755,0.6,1.0000419447992925
2.5,1,1,11,0.6000100664984879,0.6,1.0000167774974797
2.5,1,1,12,0.6000040265588618,0.6,1.0000067109314363
2.5,2,2,1,0.8024691358024691,0.7246950765959599,1.1073197013726515
2.5,2,2,2,0.7507698224838022,0.7246950765959599,1.0359802994803287
2.5,2,2,3,0.7338752345803004,0.7246950765959599,1.0126676146710718
2.5,2,2,4,0.7279805846101401,0.7246950765959599,1.004533641969272
2.5,2,2,5,0.7258777409340974,0.7246950765959599,1.0016319475270796
2.5,2,2,6,0.7251216732062178,0.7246950765959599,1.0005886566971887
2.5,2,2,7,0.7248490678791963,0.7246950765959599,1.0002124911403563
2.5,2,2,8,0.724750678712472,0.7246950765959599,1.0000767248437417
2.5,2,2,9,0.724715154970131,0.7246950765959599,1.0000277059618858
2.5,2,2,10,0.724702327312724,0.7246950765959599,1.0000100051966658
2.5,2,2,11,0.7246976950129993,0.7246950765959599,1.000003613129334
2.5,2,2,12,0.7246960221768259,0.7246950765959599,1.0000013047982477
2.5,5,5,1,0.8683127572016461,0.8208299300188366,1.057847338950859
2.5,5,5,2,0.835177136170469,0.8208299300188366,1.0174789022998991
2.5,5,5,3,0.825317664940102,0.8208299300188366,1.0054673139430508
2.5,5,5,4,0.8222483855101553,0.8208299300188366,1.0017280747685287
2.5,5,5,5,0.8212797299623301,0.8208299300188366,1.0005479818986172
2.5,5,5,6,0.8209727109583838,0.8208299300188366,1.000173947043505
2.5,5,5,7,0.8208752680707369,0.8208299300188366,1.000055234403915
2.5,5,5,8,0.8208443279628181,0.8208299300188366,1.0000175407151408
2.5,5,5,9,0.8208345025049383,0.8208299300188366,1.00000557056454
2.5,5,5,10,0.8208313821600348,0.8208299300188366,1.0000017691133634
2.5,5,5,11,0.8208303911948819,0.8208299300188366,1.0000005618411663
2.5,5,5,12,0.8208300764808811,0.8208299300188366,1.000000178431657
2.5,Poisson,Poisson,1,0.9179150013761012,0.8926447536092091,1.0283094116273215
2.5,Poisson,Poisson,2,0.8992171930071806,0.8926447536092091,1.0073628835787107
2.5,Poisson,Poisson,3,0.8943943053461809,0.8926447536092091,1.0019599641737633
2.5,Poisson,Poisson,4,0.8931132871022637,0.8926447536092091,1.0005248823691173
2.5,Poisson,Poisson,5,0.8927704288125106,0.8926447536092091,1.0001407897181867
2.5,Poisson,Poisson,6,0.8926784780420646,0.8926447536092091,1.0000377803518354
2.5,Poisson,Poisson,7,0.8926538044646565,0.8926447536092091,1.0000101393700134
2.5,Poisson,Poisson,8,0.8926471827237685,0.8926447536092091,1.0000027212556277
2.5,Poisson,Poisson,9,0.8926454055527097,0.8926447536092091,1.0000007303504534
2.5,Poisson,Poisson,10,0.8926449285829544,0.8926447536092091,1.0000001960172225
2.5,Poisson,Poisson,11,0.8926448005700727,0.8926447536092091,1.0000000526086814
2.5,Poisson,Poisson,12,0.8926447662129461,0.8926447536092091,1.000000014119544
3.0,0.05,0.05,1,0.18579548141798197,0.08760042433427562,2.120942710380061
3.0,0.05,0.05,2,0.1173769897153133,0.08760042433427562,1.3399134833800905
3.0,0.05,0.05,3,0.09898893549668375,0.08760042433427562,1.130005205442277
3.0,0.05,0.05,4,0.09231720449267045,0.08760042433427562,1.0538442615345789
3.0,0.05,0.05,5,0.08961660879023992,0.08760042433427562,1.0230156928038465
3.0,0.05,0.05,6,0.08847372679675358,0.08760042433427562,1.0099691579020842
3.0,0.05,0.05,7,0.087980849748303,0.08760042433427562,1.0043427348316911
3.0,0.05,0.05,8,0.08776655382294118,0.08760042433427562,1.001896446163681
3.0,0.05,0.05,9,0.08767305023174743,0.08760042433427562,1.0008290587405682
3.0,0.05,0.05,10,0.08763218872773648,0.08760042433427562,1.000362605474828
3.0,0.05,0.05,11,0.08761431998653613,0.08760042433427562,1.0001586253989763
3.0,0.05,0.05,12,0.08760650367346168,0.08760042433427562,1.0000693985129896
3.0,0.1,0.1,1,0.2906446793048537,0.16211411611274928,1.792840045481988
3.0,0.1,0.1,2,0.20340730252585393,0.16211411611274928,1.2547167847146976
3.0,0.1,0.1,3,0.17802124364467675,0.16211411611274928,1.0981230253932
3.0,0.1,0.1,4,0.16864462533959523,0.16211411611274928,1.040283408893918
3.0,0.1,0.1,5,0.16486347780796884,0.16211411611274928,1.016959421925401
3.0,0.1,0.1,6,0.1632837409659107,0.16211411611274928,1.0072148242312715
3.0,0.1,0.1,7,0.16261389239780566,0.16211411611274928,1.0030828671619736
3.0,0.1,0.1,8,0.1623280700991626,0.16211411611274928,1.001319773944081
3.0,0.1,0.1,9,0.1622057832970233,0.16211411611274928,1.0005654485030178
3.0,0.1,0.1,10,0.16215340382597476,0.16211411611274928,1.0002423460348027
3.0,0.1,0.1,11,0.16213095694721225,0.16211411611274928,1.0001038825912683
3.0,0.1,0.1,12,0.16212133545934548,0.16211411611274928,1.0000445324982754
3.0,0.2,0.2,1,0.42565082250148245,0.28150693623784595,1.51204381742782
3.0,0.2,0.2,2,0.3296020225414289,0.28150693623784595,1.1708486723145866
3.0,0.2,0.2,3,0.2998617631901569,0.28150693623784595,1.065202041546866
3.0,0.2,0.2,4,0.2888516366161965,0.28150693623784595,1.0260906550883173
3.0,0.2,0.2,5,0.28450046595313827,0.28150693623784595,1.0106339465566954
3.0,0.2,0.2,6,0.2827360956818853,0.28150693623784595,1.0043663558009128
3.0,0.2,0.2,7,0.2820131645668056,0.28150693623784595,1.0017982801266818
3.0,0.2,0.2,8,0.2817156853086198,0.28150693623784595,1.000741541482294
3.0,0.2,0.2,9,0.2815930604169625,0.28150693623784595,1.0003059398118836
3.0,0.2,0.2,10,0.28154247623429896,0.28150693623784595,1.0001262490968357
3.0,0.2,0.2,11,0.28152160344806987,0.28150693623784595,1.0000521024825175
3.0,0.2,0.2,12,0.2815129895528409,0.28150693623784595,1.0000215032534396
3.0,0.5,0.5,1,0.6220355269907727,0.4999999999999998,1.2440710539815458
3.0,0.5,0.5,2,0.5403070424729574,0.4999999999999998,1.0806140849459152
3.0,0.5,0.5,3,0.5144625389387829,0.4999999999999998,1.0289250778775663
3.0,0.5,0.5,4,0.5053367761476835,0.4999999999999998,1.0106735522953674
3.0,0.5,0.5,5,0.5019893551553112,0.4999999999999998,1.0039787103106228
3.0,0.5,0.5,6,0.5007443427395479,0.4999999999999998,1.0014886854790963
3.0,0.5,0.5,7,0.5002788950063906,0.4999999999999998,1.0005577900127816
3.0,0.5,0.5,8,0.5001045528243716,0.4999999999999998,1.0002091056487437
3.0,0.5,0.5,9,0.5000392026981028,0.4999999999999998,1.000078405396206
3.0,0.5,0.5,10,0.5000147003634611,0.4999999999999998,1.0000294007269226
3.0,0.5,0.5,11,0.500005512545132,0.4999999999999998,1.0000110250902645
3.0,0.5,0.5,12,0.5000020671916046,0.4999999999999998,1.0000041343832096
3.0,1,1,1,0.75,0.6666666666666666,1.125
3.0,1,1,2,0.6923076923076923,0.6666666666666666,1.0384615384615385
3.0,1,1,3,0.675,0.6666666666666666,1.0125000000000002
3.0,1,1,4,0.6694214876033058,0.6666666666666666,1.0041322314049588
3.0,1,1,5,0.6675824175824175,0.6666666666666666,1.0013736263736264
3.0,1,1,6,0.666971637694419,0.6666666666666666,1.0004574565416287
3.0,1,1,7,0.6667682926829268,0.6666666666666666,1.0001524390243903
3.0,1,1,8,0.6667005385631541,0.6666666666666666,1.0000508078447312
3.0,1,1,9,0.666677956916407,0.6666666666666666,1.0000169353746104
3.0,1,1,10,0.6666704300407573,0.6666666666666666,1.000005645061136
3.0,1,1,11,0.6666679211199759,0.6666666666666666,1.0000018816799638
3.0,1,1,12,0.6666670848172451,0.6666666666666666,1.0000006272258677
3.0,2,2,1,0.8400000000000001,0.7907604410896715,1.0622686168297395
3.0,2,2,2,0.8042133291565511,0.7907604410896715,1.0170125961894876
3.0,2,2,3,0.79457041026917,0.7907604410896715,1.004818107964845
3.0,2,2,4,0.7918501437735657,0.7907604410896715,1.0013780440033047
3.0,2,2,5,0.7910729828870127,0.7907604410896715,1.000395242074718
3.0,2,2,6,0.7908501540879009,0.7907604410896715,1.0001134515506438
3.0,2,2,7,0.7907861985014547,0.7907604410896715,1.0000325729645096
3.0,2,2,8,0.7907678367619231,0.7907604410896715,1.0000093526077776
3.0,2,2,9,0.7907625646338443,0.7907604410896715,1.0000026854456325
3.0,2,2,10,0.7907610508333389,0.7907604410896715,1.000000771085193
3.0,2,2,11,0.790760616168638,0.7907604410896715,1.0000002214058235
3.0,2,2,12,0.7907604913610558,0.7907604410896715,1.000000063573469
3.0,5,5,1,0.904632568359375,0.879926959030292,1.028076886468292
3.0,5,5,2,0.8855856111860763,0.879926959030292,1.0064308203058356
3.0,5,5,3,0.8812521520720344,0.879926959030292,1.0015060261856312
3.0,5,5,4,0.8802388891517575,0.879926959030292,1.0003544954706345
3.0,5,5,5,0.8800004702464823,0.879926959030292,1.0000835424070553
3.0,5,5,6,0.879944287965005,0.879926959030292,1.0000196936058556
3.0,5,5,7,0.879931044282432,0.879926959030292,1.000004642717328
3.0,5,5,8,0.8799279221330853,0.879926959030292,1.0000010945258393
3.0,5,5,9,0.8799271860836955,0.879926959030292,1.0000002580366485
3.0,5,5,10,0.879927012558631,0.879926959030292,1.000000060832707
3.0,5,5,11,0.8799269716497182,0.879926959030292,1.0000000143414474
3.0,5,5,12,0.8799269620053503,0.879926959030292,1.0000000033810286
3.0,Poisson,Poisson,1,0.950212931632136,0.9404797907073597,1.0103491228848798
3.0,Poisson,Poisson,2,0.9421926179826896,0.9404797907073597,1.0018212270930795
3.0,Poisson,Poisson,3,0.9407848497796084,0.9404797907073597,1.000324365366766
3.0,Poisson,Poisson,4,0.9405342373288863,0.9404797907073597,1.0000578923886134
3.0,Poisson,Poisson,5,0.9404895119363316,0.9404797907073597,1.0000103364570594
3.0,Poisson,Poisson,6,0.9404815265107973,0.9404797907073597,1.0000018456573494
3.0,Poisson,Poisson,7,0.9404801006527044,0.9404797907073597,1.000000329560877
3.0,Poisson,Poisson,8,0.9404798460513693,0.9404797907073597,1.0000000588465698
3.0,Poisson,Poisson,9,0.9404798005896199,0.9404797907073597,1.0000000105076796
3.0,Poisson,Poisson,10,0.9404797924719422,0.9404797907073597,1.0000000018762578
3.0,Poisson,Poisson,11,0.9404797910224446,0.9404797907073597,1.0000000003350258
3.0,Poisson,Poisson,12,0.9404797907636214,0.9404797907073597,1.0000000000598224
4.0,0.05,0.05,1,0.1972584382397693,0.10658694951551073,1.8506809617538016
4.0,0.05,0.05,2,0.13152058599378924,0.10658694951551073,1.2339276674265842
4.0,0.05,0.05,3,0.11503871453382553,0.10658694951551073,1.0792945576989692
4.0,0.05,0.05,4,0.1096445962226873,0.10658694951551073,1.0286868769682878
4.0,0.05,0.05,5,0.10771870741018696,0.10658694951551073,1.0106181657306135
4.0,0.05,0.05,6,0.10700937820381173,0.10658694951551073,1.0039632308666413
4.0,0.05,0.05,7,0.10674511217196325,0.10658694951551073,1.0014838838823275
4.0,0.05,0.05,8,0.10664623650886373,0.10658694951551073,1.0005562312611673
4.0,0.05,0.05,9,0.10660918282250187,0.10658694951551073,1.0002085931447724
4.0,0.05,0.05,10,0.10659528862403489,0.10658694951551073,1.0000782376131605
4.0,0.05,0.05,11,0.10659007747979721,0.10658694951551073,1.0000293465973151
4.0,0.05,0.05,12,0.10658812282861962,0.10658694951551073,1.0000110080372338
4.0,0.1,0.1,1,0.3102025027216353,0.1957125326710334,1.5849904882843873
4.0,0.1,0.1,2,0.22862905639252085,0.1957125326710334,1.1681881240421927
4.0,0.1,0.1,3,0.20681571658250097,0.1957125326710334,1.05673210478621
4.0,0.1,0.1,4,0.19965043508495262,0.1957125326710334,1.0201208494937741
4.0,0.1,0.1,5,0.19713361587258138,0.1957125326710334,1.0072610740975727
4.0,0.1,0.1,6,0.1962285568653973,0.1957125326710334,1.0026366435880285
4.0,0.1,0.1,7,0.19590033305172938,0.1957125326710334,1.0009595725839984
4.0,0.1,0.1,8,0.19578093605789093,0.1957125326710334,1.0003495094868171
4.0,0.1,0.1,9,0.1957374549580979,0.1957125326710334,1.0001273412935001
4.0,0.1,0.1,10,0.19572161391265241,0.1957125326710334,1.000046400920243
4.0,0.1,0.1,11,0.19571584184584645,0.1957125326710334,1.000016908343926
4.0,0.1,0.1,12,0.19571373854088137,0.1957125326710334,1.0000061614339741
4.0,0.2,0.2,1,0.4560535571111215,0.33528008913623397,1.3602166424079354
4.0,0.2,0.2,2,0.37055946918599214,0.33528008913623397,1.105223606151641
4.0,0.2,0.2,3,0.3468265585058443,0.33528008913623397,1.034438279348341
4.0,0.2,0.2,4,0.33919418699404746,0.33528008913623397,1.011674113628093
4.0,0.2,0.2,5,0.33662250833504614,0.33528008913623397,1.004003873902177
4.0,0.2,0.2,6,0.33574233573163537,0.33528008913623397,1.00137868788031
4.0,0.2,0.2,7,0.33543947630995585,0.33528008913623397,1.0004753851447978
4.0,0.2,0.2,8,0.3353350733106202,0.33528008913623397,1.0001639947499652
4.0,0.2,0.2,9,0.3352990602418039,0.33528008913623397,1.0000565828576902
4.0,0.2,0.2,10,0.3352866350748436,0.33528008913623397,1.0000195237916647
4.0,0.2,0.2,11,0.33528234784178146,0.33528008913623397,1.000006736772092
4.0,0.2,0.2,12,0.3352808685179418,0.33528008913623397,1.0000023245690188
4.0,0.5,0.5,1,0.6666666666666667,0.5784648345913732,1.1524757025854462
4.0,0.5,0.5,2,0.6026402928804868,0.5784648345913732,1.041792442415607
4.0,0.5,0.5,3,0.5855266259585734,0.5784648345913732,1.0122078144511388
4.0,0.5,0.5,4,0.580564845144973,0.5784648345913732,1.003630316707295
4.0,0.5,0.5,5,0.5790926209474911,0.5784648345913732,1.0010852627827609
4.0,0.5,0.5,6,0.5786528020777961,0.5784648345913732,1.0003249419414677
4.0,0.5,0.5,7,0.5785211409099715,0.5784648345913732,1.00009733749613
4.0,0.5,0.5,8,0.5784817037136158,0.5784648345913732,1.0000291618802628
4.0,0.5,0.5,9,0.5784698887177471,0.5784648345913732,1.0000087371367654
4.0,0.5,0.5,10,0.5784663488678603,0.5784648345913732,1.0000026177502876
4.0,0.5,0.5,11,0.5784652882883652,0.5784648345913732,1.0000007843121395
4.0,0.5,0.5,12,0.5784649705250651,0.5784648345913732,1.0000002349904156
4.0,1,1,1,0.8,0.75,1.0666666666666667
4.0,1,1,2,0.7619047619047619,0.75,1.0158730158730158
4.0,1,1,3,0.7529411764705882,0.75,1.003921568627451
4.0,1,1,4,0.750733137829912,0.75,1.0009775171065494
4.0,1,1,5,0.7501831501831502,0.75,1.0002442002442002
4.0,1,1,6,0.7500457791613258,0.75,1.0000610388817677
4.0,1,1,7,0.7500114442664225,0.75,1.0000152590218967
4.0,1,1,8,0.7500028610338632,0.75,1.0000038147118175
4.0,1,1,9,0.7500007152564194,0.75,1.000000953675226
4.0,1,1,10,0.750000178813977,0.75,1.000000238418636
4.0,1,1,11,0.7500000447034862,0.75,1.0000000596046483
4.0,1,1,12,0.7500000111758711,0.75,1.0000000149011614
4.0,2,2,1,0.888888888888889,0.8660254037844386,1.0264004785593348
4.0,2,2,2,0.8704000000000001,0.8660254037844386,1.0050513486053008
4.0,2,2,3,0.8668793870164251,0.8660254037844386,1.0009860948977416
4.0,2,2,4,0.8661927577137458,0.8660254037844386,1.000193243672271
4.0,2,2,5,0.8660582246315979,0.8660254037844386,1.000037898249885
4.0,2,2,6,0.8660318414411114,0.8660254037844386,1.000007433565626
4.0,2,2,7,0.8660266665374651,0.8660254037844386,1.0000014581015995
4.0,2,2,8,0.8660256514761606,0.8660254037844386,1.0000002860097648
4.0,2,2,9,0.8660254523697568,0.8660254037844386,1.000000056101493
4.0,2,2,10,0.866025413314566,0.8660254037844386,1.0000000110044431
4.0,2,2,11,0.8660254056537962,0.8660254037844386,1.0000000021585482
4.0,2,2,12,0.8660254041511176,0.8660254037844386,1.0000000004234044
4.0,5,5,1,0.9470778505986553,0.9393267680181802,1.0082517424653283
4.0,5,5,2,0.9403894902329347,0.9393267680181802,1.0011313658366159
4.0,5,5,3,0.9394738109416166,0.9393267680181802,1.0001565407571071
4.0,5,5,4,0.9393471390569044,0.9393267680181802,1.0000216868500056
4.0,5,5,5,0.939329590671874,0.9393267680181802,1.0000030049752546
4.0,5,5,6,0.9393271591403792,0.9393267680181802,1.000000416385663
4.0,5,5,7,0.9393268222143731,0.9393267680181802,1.000000057696847
4.0,5,5,8,0.939326775527927,0.9393267680181802,1.0000000079948184
4.0,5,5,9,0.9393267690587754,0.9393267680181802,1.0000000011078096
4.0,5,5,10,0.9393267681623713,0.9393267680181802,1.0000000001535048
4.0,5,5,11,0.9393267680381602,0.9393267680181802,1.0000000000212705
4.0,5,5,12,0.9393267680209487,0.9393267680181802,1.0000000000029474
4.0,Poisson,Poisson,1,0.9816843611112658,0.9801725987182216,1.0015423430475623
4.0,Poisson,Poisson,2,0.9802921342138736,0.9801725987182216,1.0001219535169708
4.0,Poisson,Poisson,3,0.9801820767650737,0.9801725987182216,1.0000096697733283
4.0,Poisson,Poisson,4,0.9801733504041257,0.9801725987182216,1.0000007668913669
4.0,Poisson,Poisson,5,0.9801726583340442,0.9801725987182216,1.00000006082176
4.0,Poisson,Poisson,6,0.9801726034463284,0.9801725987182216,1.0000000048237492
4.0,Poisson,Poisson,7,0.9801725990932059,0.9801725987182216,1.0000000003825695
4.0,Poisson,Poisson,8,0.9801725987479615,0.9801725987182216,1.0000000000303415
4.0,Poisson,Poisson,9,0.9801725987205803,0.9801725987182216,1.0000000000024063
4.0,Poisson,Poisson,10,0.9801725987184087,0.9801725987182216,1.000000000000191
4.0,Poisson,Poisson,11,0.9801725987182365,0.9801725987182216,1.000000000000015
4.0,Poisson,Poisson,12,0.9801725987182228,0.9801725987182216,1.0000000000000013
6.0,0.05,0.05,1,0.21320655780322773,0.13152732319937455,1.6210058307051565
6.0,0.05,0.05,2,0.15127236979772996,0.13152732319937455,1.1501212532731702
6.0,0.05,0.05,3,0.13724294880173638,0.13152732319937455,1.043455804188289
6.0,0.05,0.05,4,0.13326485599061832,0.13152732319937455,1.0132104322431161
6.0,0.05,0.05,5,0.13206329968542474,0.13152732319937455,1.0040750201023838
6.0,0.05,0.05,6,0.13169339809226566,0.13152732319937455,1.001262664584448
6.0,0.05,0.05,7,0.1315788536544471,0.13152732319937455,1.0003917851729898
6.0,0.05,0.05,8,0.13154331916955364,0.13152732319937455,1.000121617089058
6.0,0.05,0.05,9,0.1315322892953822,0.13152732319937455,1.000037757143435
6.0,0.05,0.05,10,0.13152886503336958,0.13152732319937455,1.000011722537626
6.0,0.05,0.05,11,0.13152780190188473,0.13152732319937455,1.0000036395670386
6.0,0.05,0.05,12,0.13152747182562652,0.13152732319937455,1.0000011300028644
6.0,0.1,0.1,1,0.33707100192062434,0.2389181381538521,1.4108221524125824
6.0,0.1,0.1,2,0.26325576864366396,0.2389181381538521,1.1018659808663818
6.0,0.1,0.1,3,0.24580941912276089,0.2389181381538521,1.0288436910740997
6.0,0.1,0.1,4,0.2409403587386565,0.2389181381538521,1.008464073093949
6.0,0.1,0.1,5,0.23951771007492562,0.2389181381538521,1.0025095286850403
6.0,0.1,0.1,6,0.23909644903383775,0.2389181381538521,1.0007463262578702
6.0,0.1,0.1,7,0.23897121530324872,0.2389181381538521,1.000222156215542
6.0,0.1,0.1,8,0.23893394169210203,0.2389181381538521,1.0000661462472964
6.0,0.1,0.1,9,0.23892284398027996,0.2389181381538521,1.0000196963966999
6.0,0.1,0.1,10,0.23891953944328848,0.2389181381538521,1.0000058651446357
6.0,0.1,0.1,11,0.23891855542934626,0.2389181381538521,1.0000017465207849
6.0,0.1,0.1,12,0.2389182624102707,0.2389181381538521,1.0000005200794697
6.0,0.2,0.2,1,0.4968150290014861,0.40179074882593047,1.2365019116374016
6.0,0.2,0.2,2,0.42496237169609996,0.40179074882593047,1.057670872059347
6.0,0.2,0.2,3,0.40796607768081816,0.40179074882593047,1.0153695147858246
6.0,0.2,0.2,4,0.4034744092518734,0.40179074882593047,1.0041903912194663
6.0,0.2,0.2,5,0.4022526168760866,0.40179074882593047,1.00114952385416
6.0,0.2,0.2,6,0.4019176633881334,0.40179074882593047,1.0003158722856955
6.0,0.2,0.2,7,0.40182563918689307,0.40179074882593047,1.000086837143624
6.0,0.2,0.2,8,0.4018003418286904,0.40179074882593047,1.000023875618809
6.0,0.2,0.2,9,0.40179338648600205,0.40179074882593047,1.0000065647605856
6.0,0.2,0.2,10,0.40179147407510973,0.40179074882593047,1.000001805042006
6.0,0.2,0.2,11,0.40179094824046635,0.40179074882593047,1.0000004963144036
6.0,0.2,0.2,12,0.40179080365699693,0.40179074882593047,1.0000001364667221
6.0,0.5,0.5,1,0.7226499018873854,0.6666666666666666,1.0839748528310782
6.0,0.5,0.5,2,0.6784515852889348,0.6666666666666666,1.0176773779334023
6.0,0.5,0.5,3,0.6692550729466973,0.6666666666666666,1.003882609420046
6.0,0.5,0.5,4,0.6672403834763909,0.6666666666666666,1.0008605752145865
6.0,0.5,0.5,5,0.666794086192984,0.6666666666666666,1.000191129289476
6.0,0.5,0.5,6,0.6666949785095289,0.6666666666666666,1.0000424677642934
6.0,0.5,0.5,7,0.6666729580091837,0.6666666666666666,1.0000094370137755
6.0,0.5,0.5,8,0.6666680647339859,0.6666666666666666,1.0000020971009789
6.0,0.5,0.5,9,0.6666669773478588,0.6666666666666666,1.0000004660217883
6.0,0.5,0.5,10,0.6666667357069102,0.6666666666666666,1.0000001035603654
6.0,0.5,0.5,11,0.666666682008942,0.6666666666666666,1.000000023013413
6.0,0.5,0.5,12,0.6666666700760612,0.6666666666666666,1.0000000051140918
6.0,1,1,1,0.8571428571428571,0.8333333333333333,1.0285714285714287
6.0,1,1,2,0.8372093023255813,0.8333333333333333,1.0046511627906978
6.0,1,1,3,0.833976833976834,0.8333333333333333,1.0007722007722009
6.0,1,1,4,0.8334405144694533,0.8333333333333333,1.0001286173633441
6.0,1,1,5,0.8333511949415926,0.8333333333333333,1.0000214339299112
6.0,1,1,6,0.8333363102148713,0.8333333333333333,1.0000035722578458
6.0,1,1,7,0.8333338294787793,0.8333333333333333,1.0000005953745352
6.0,1,1,8,0.8333334160242,0.8333333333333333,1.00000009922904
6.0,1,1,9,0.8333333471151433,0.8333333333333333,1.000000016538172
6.0,1,1,10,0.8333333356303017,0.8333333333333333,1.000000002756362
6.0,1,1,11,0.8333333337161614,0.8333333333333333,1.0000000004593936
6.0,1,1,12,0.833333333397138,0.8333333333333333,1.0000000000765656
6.0,2,2,1,0.9375,0.93042928249264,1.00759941420633
6.0,2,2,2,0.931201289975813,0.93042928249264,1.000829732573662
6.0,2,2,3,0.9305142034092133,0.93042928249264,1.0000912706835128
6.0,2,2,4,0.9304386314219041,0.93042928249264,1.0000100479740266
6.0,2,2,5,0.9304303118069929,0.93042928249264,1.0000011062789749
6.0,2,2,6,0.9304293958209655,0.93042928249264,1.0000001218021914
6.0,2,2,7,0.930429294970192,0.93042928249264,1.0000000134105322
6.0,2,2,8,0.93042928386643,0.93042928249264,1.000000001476512
6.0,2,2,9,0.9304292826438956,0.93042928249264,1.0000000001625653
6.0,2,2,10,0.9304292825092934,0.93042928249264,1.0000000000178986
6.0,2,2,11,0.9304292824944735,0.93042928249264,1.0000000000019706
6.0,2,2,12,0.9304292824928418,0.93042928249264,1.000000000000217
6.0,5,5,1,0.9805962086544014,0.9794724369259471,1.001147323483631
6.0,5,5,2,0.9795359447125235,0.9794724369259471,1.000064838768486
6.0,5,5,3,0.9794760322451874,0.9794724369259471,1.0000036706691324
6.0,5,5,4,0.9794726404852708,0.9794724369259471,1.0000002078254742
6.0,5,5,5,0.9794724484511075,0.9794724369259471,1.000000011766702
6.0,5,5,6,0.979472437578481,0.9794724369259471,1.0000000006662095
6.0,5,5,7,0.9794724369628923,0.9794724369259471,1.0000000000377196
6.0,5,5,8,0.9794724369280389,0.9794724369259471,1.0000000000021356
6.0,5,5,9,0.9794724369260654,0.9794724369259471,1.0000000000001208
6.0,5,5,10,0.9794724369259538,0.9794724369259471,1.0000000000000069
6.0,5,5,11,0.9794724369259474,0.9794724369259471,1.0000000000000004
6.0,5,5,12,0.9794724369259471,0.9794724369259471,1.0
6.0,Poisson,Poisson,1,0.9975212478233336,0.9974835377337657,1.00003780522499
6.0,Poisson,Poisson,2,0.9974841070454616,0.9974835377337657,1.0000005707479616
6.0,Poisson,Poisson,3,0.9974835463296594,0.9974835377337657,1.0000000086175795
6.0,Poisson,Poisson,4,0.9974835378635531,0.9974835377337657,1.0000000001301148
6.0,Poisson,Poisson,5,0.9974835377357254,0.9974835377337657,1.0000000000019647
6.0,Poisson,Poisson,6,0.9974835377337953,0.9974835377337657,1.0000000000000295
6.0,Poisson,Poisson,7,0.9974835377337662,0.9974835377337657,1.0000000000000004
6.0,Poisson,Poisson,8,0.9974835377337657,0.9974835377337657,1.0
6.0,Poisson,Poisson,9,0.9974835377337657,0.9974835377337657,1.0
6.0,Poisson,Poisson,10,0.9974835377337657,0.9974835377337657,1.0
6.0,Poisson,Poisson,11,0.9974835377337657,0.9974835377337657,1.0
6.0,Poisson,Poisson,12,0.9974835377337657,0.9974835377337657,1.0
